class_id,mean_iou,std_iou,count
0,0.8331625550932991,0.2944386309253587,65
1,0.0033531503073338377,0.005692813229005614,63
2,0.0,0.0,64
3,0.0,0.0,63
4,0.0,0.0,50
